{"cameraMode":{"drawMode":0,"name":"Shaded","section":"Shading Mode"},"sceneLighting":true,"audioPlay":false,"sceneViewState":{"showFog":true,"showMaterialUpdate":true,"showSkybox":true,"showFlares":true,"showImageEffects":true,"showParticleSystems":true},"in2DMode":false,"pivot":{"x":-76.90287017822266,"y":0.49833714962005618,"z":-2.240999460220337},"rotation":{"x":-0.15981066226959229,"y":-0.0612475611269474,"z":0.00993497483432293,"w":-0.9851957559585571},"size":4.041658401489258,"orthographic":false}