{"cameraMode":{"drawMode":0,"name":"Shaded","section":"Shading Mode"},"sceneLighting":true,"audioPlay":false,"sceneViewState":{"showFog":true,"showMaterialUpdate":true,"showSkybox":true,"showFlares":true,"showImageEffects":true,"showParticleSystems":true},"in2DMode":false,"pivot":{"x":-52.487613677978519,"y":3.596000909805298,"z":24.876510620117189},"rotation":{"x":-0.15396137535572053,"y":-0.4712594449520111,"z":0.08331776410341263,"w":-0.8644469976425171},"size":2.2416653633117677,"orthographic":false}