{"cameraMode":{"drawMode":0,"name":"Shaded","section":"Shading Mode"},"sceneLighting":true,"audioPlay":false,"sceneViewState":{"showFog":true,"showMaterialUpdate":true,"showSkybox":true,"showFlares":true,"showImageEffects":true,"showParticleSystems":true},"in2DMode":false,"pivot":{"x":-83.24710845947266,"y":6.756022930145264,"z":-12.216049194335938},"rotation":{"x":-0.21883578598499299,"y":-0.04007979482412338,"z":0.00899653509259224,"w":-0.9748967289924622},"size":5.144230842590332,"orthographic":false}