{"cameraMode":{"drawMode":0,"name":"Shaded","section":"Shading Mode"},"sceneLighting":false,"audioPlay":false,"sceneViewState":{"showFog":true,"showMaterialUpdate":true,"showSkybox":true,"showFlares":true,"showImageEffects":true,"showParticleSystems":true},"in2DMode":false,"pivot":{"x":-18.93934440612793,"y":0.5,"z":2.5609211921691896},"rotation":{"x":-0.1887364387512207,"y":0.09646958857774735,"z":-0.018634112551808358,"w":-0.9771003127098084},"size":2.8578836917877199,"orthographic":false}