{"cameraMode":{"drawMode":0,"name":"Shaded","section":"Shading Mode"},"sceneLighting":true,"audioPlay":false,"sceneViewState":{"showFog":true,"showMaterialUpdate":true,"showSkybox":true,"showFlares":true,"showImageEffects":true,"showParticleSystems":true},"in2DMode":false,"pivot":{"x":-49.57280349731445,"y":1.0826609134674073,"z":28.218765258789064},"rotation":{"x":-0.0012165993684902788,"y":0.9980572462081909,"z":-0.05876537412405014,"w":-0.020662641152739526},"size":4.041658401489258,"orthographic":false}